,Date,Start (ET),Visitor/Neutral,Home/Neutral,Arena,Location
0,2024-02-01,7:30p,Los Angeles Lakers,Boston Celtics,TD Garden,"Boston, MA"
1,2024-02-01,7:30p,Indiana Pacers,New York Knicks,Madison Square Garden (IV),"New York, NY"
2,2024-02-01,8:00p,Cleveland Cavaliers,Memphis Grizzlies,FedEx Forum,"Memphis, TN"
3,2024-02-01,10:00p,Philadelphia 76ers,Utah Jazz,Delta Center,"Salt Lake City, UT"
4,2024-02-02,7:00p,Los Angeles Clippers,Detroit Pistons,Little Caesars Arena,"Detroit, MI"
5,2024-02-02,7:00p,Miami Heat,Washington Wizards,Capital One Arena,"Washington, DC"
6,2024-02-02,7:30p,Phoenix Suns,Atlanta Hawks,State Farm Arena,"Atlanta, GA"
7,2024-02-02,7:30p,Sacramento Kings,Indiana Pacers,Gainbridge Fieldhouse,"Indianapolis, IN"
8,2024-02-02,8:00p,Toronto Raptors,Houston Rockets,Toyota Center,"Houston, TX"
9,2024-02-02,8:00p,Golden State Warriors,Memphis Grizzlies,FedEx Forum,"Memphis, TN"
10,2024-02-02,8:00p,Orlando Magic,Minnesota Timberwolves,Target Center,"Minneapolis, MN"
11,2024-02-02,8:00p,Charlotte Hornets,Oklahoma City Thunder,Paycom Center,"Oklahoma City, OK"
12,2024-02-02,8:00p,New Orleans Pelicans,San Antonio Spurs,Frost Bank Center,"Corpus Christi, TX"
13,2024-02-02,9:00p,Portland Trail Blazers,Denver Nuggets,Ball Arena,"Denver, CO"
14,2024-02-03,6:00p,Brooklyn Nets,Philadelphia 76ers,Wells Fargo Center,"Philadelphia, PA"
15,2024-02-03,7:30p,Golden State Warriors,Atlanta Hawks,State Farm Arena,"Atlanta, GA"
16,2024-02-03,8:00p,Sacramento Kings,Chicago Bulls,United Center,"Chicago, IL"
17,2024-02-03,8:30p,Milwaukee Bucks,Dallas Mavericks,American Airlines Center,"Dallas, TX"
18,2024-02-03,8:30p,Los Angeles Lakers,New York Knicks,Madison Square Garden (IV),"New York, NY"
19,2024-02-03,8:30p,Cleveland Cavaliers,San Antonio Spurs,Frost Bank Center,"Corpus Christi, TX"
20,2024-02-04,3:00p,Orlando Magic,Detroit Pistons,Little Caesars Arena,"Detroit, MI"
21,2024-02-04,3:30p,Phoenix Suns,Washington Wizards,Capital One Arena,"Washington, DC"
22,2024-02-04,6:00p,Memphis Grizzlies,Boston Celtics,TD Garden,"Boston, MA"
23,2024-02-04,6:00p,Indiana Pacers,Charlotte Hornets,Spectrum Center,"Charlotte, NC"
24,2024-02-04,6:00p,Los Angeles Clippers,Miami Heat,Kaseya Center,"Miami, FL"
25,2024-02-04,7:00p,Houston Rockets,Minnesota Timberwolves,Target Center,"Minneapolis, MN"
26,2024-02-04,7:00p,Toronto Raptors,Oklahoma City Thunder,Paycom Center,"Oklahoma City, OK"
27,2024-02-04,8:00p,Milwaukee Bucks,Utah Jazz,Delta Center,"Salt Lake City, UT"
28,2024-02-04,8:30p,Portland Trail Blazers,Denver Nuggets,Ball Arena,"Denver, CO"
29,2024-02-05,7:00p,Los Angeles Lakers,Charlotte Hornets,Spectrum Center,"Charlotte, NC"
30,2024-02-05,7:00p,Sacramento Kings,Cleveland Cavaliers,Rocket Mortgage Fieldhouse,
31,2024-02-05,7:00p,Dallas Mavericks,Philadelphia 76ers,Wells Fargo Center,"Philadelphia, PA"
32,2024-02-05,7:30p,Los Angeles Clippers,Atlanta Hawks,State Farm Arena,"Atlanta, GA"
33,2024-02-05,7:30p,Golden State Warriors,Brooklyn Nets,Barclays Center,"Brooklyn, NY"
34,2024-02-05,8:00p,Toronto Raptors,New Orleans Pelicans,Smoothie King Center,"New Orleans, LA"
35,2024-02-06,7:00p,Houston Rockets,Indiana Pacers,Gainbridge Fieldhouse,"Indianapolis, IN"
36,2024-02-06,7:30p,Dallas Mavericks,Brooklyn Nets,Barclays Center,"Brooklyn, NY"
37,2024-02-06,7:30p,Orlando Magic,Miami Heat,Kaseya Center,"Miami, FL"
38,2024-02-06,7:30p,Memphis Grizzlies,New York Knicks,Madison Square Garden (IV),"New York, NY"
39,2024-02-06,8:00p,Minnesota Timberwolves,Chicago Bulls,United Center,"Chicago, IL"
40,2024-02-06,9:00p,Oklahoma City Thunder,Utah Jazz,Delta Center,"Salt Lake City, UT"
41,2024-02-06,10:00p,Milwaukee Bucks,Phoenix Suns,Footprint Center,"Phoenix, AZ"
42,2024-02-07,7:00p,Toronto Raptors,Charlotte Hornets,Spectrum Center,"Charlotte, NC"
43,2024-02-07,7:00p,Cleveland Cavaliers,Washington Wizards,Capital One Arena,"Washington, DC"
44,2024-02-07,7:30p,Atlanta Hawks,Boston Celtics,TD Garden,"Boston, MA"
45,2024-02-07,7:30p,San Antonio Spurs,Miami Heat,Kaseya Center,"Miami, FL"
46,2024-02-07,7:30p,Golden State Warriors,Philadelphia 76ers,Wells Fargo Center,"Philadelphia, PA"
47,2024-02-07,10:00p,New Orleans Pelicans,Los Angeles Clippers,Crypto.com Arena,"Los Angeles, CA"
48,2024-02-07,10:00p,Detroit Pistons,Sacramento Kings,Golden 1 Center,"Sacramento, CA"
49,2024-02-08,7:00p,Golden State Warriors,Indiana Pacers,Gainbridge Fieldhouse,"Indianapolis, IN"
50,2024-02-08,7:00p,San Antonio Spurs,Orlando Magic,Amway Center,"Orlando, FL"
51,2024-02-08,7:30p,Cleveland Cavaliers,Brooklyn Nets,Barclays Center,"Brooklyn, NY"
52,2024-02-08,7:30p,Dallas Mavericks,New York Knicks,Madison Square Garden (IV),"New York, NY"
53,2024-02-08,8:00p,Chicago Bulls,Memphis Grizzlies,FedEx Forum,"Memphis, TN"
54,2024-02-08,8:00p,Minnesota Timberwolves,Milwaukee Bucks,Fiserv Forum,"Milwaukee, WI"
55,2024-02-08,9:00p,Utah Jazz,Phoenix Suns,Footprint Center,"Phoenix, AZ"
56,2024-02-08,10:00p,Denver Nuggets,Los Angeles Lakers,Crypto.com Arena,"Los Angeles, CA"
57,2024-02-08,10:00p,Detroit Pistons,Portland Trail Blazers,Moda Center,"Portland, OR"
58,2024-02-09,7:00p,Atlanta Hawks,Philadelphia 76ers,Wells Fargo Center,"Philadelphia, PA"
59,2024-02-09,7:30p,Washington Wizards,Boston Celtics,TD Garden,"Boston, MA"
60,2024-02-09,7:30p,Houston Rockets,Toronto Raptors,Scotiabank Arena,"Toronto, ON"
61,2024-02-09,8:00p,Charlotte Hornets,Milwaukee Bucks,Fiserv Forum,"Milwaukee, WI"
62,2024-02-09,10:00p,Denver Nuggets,Sacramento Kings,Golden 1 Center,"Sacramento, CA"
63,2024-02-09,10:30p,New Orleans Pelicans,Los Angeles Lakers,Crypto.com Arena,"Los Angeles, CA"
64,2024-02-10,3:00p,Oklahoma City Thunder,Dallas Mavericks,American Airlines Center,"Dallas, TX"
65,2024-02-10,3:30p,Detroit Pistons,Los Angeles Clippers,Crypto.com Arena,"Los Angeles, CA"
66,2024-02-10,6:00p,San Antonio Spurs,Brooklyn Nets,Barclays Center,"Brooklyn, NY"
67,2024-02-10,7:00p,Memphis Grizzlies,Charlotte Hornets,Spectrum Center,"Charlotte, NC"
68,2024-02-10,7:00p,Chicago Bulls,Orlando Magic,Amway Center,"Orlando, FL"
69,2024-02-10,7:00p,Philadelphia 76ers,Washington Wizards,Capital One Arena,"Washington, DC"
70,2024-02-10,7:30p,Houston Rockets,Atlanta Hawks,State Farm Arena,"Atlanta, GA"
71,2024-02-10,7:30p,Indiana Pacers,New York Knicks,Madison Square Garden (IV),"New York, NY"
72,2024-02-10,7:30p,Cleveland Cavaliers,Toronto Raptors,Scotiabank Arena,"Toronto, ON"
73,2024-02-10,8:30p,Phoenix Suns,Golden State Warriors,Chase Center,"San Francisco, CA"
74,2024-02-10,10:00p,New Orleans Pelicans,Portland Trail Blazers,Moda Center,"Portland, OR"
75,2024-02-11,2:00p,Boston Celtics,Miami Heat,Kaseya Center,"Miami, FL"
76,2024-02-11,3:00p,Sacramento Kings,Oklahoma City Thunder,Paycom Center,"Oklahoma City, OK"
77,2024-02-12,7:00p,Indiana Pacers,Charlotte Hornets,Spectrum Center,"Charlotte, NC"
78,2024-02-12,7:00p,Philadelphia 76ers,Cleveland Cavaliers,Rocket Mortgage Fieldhouse,
79,2024-02-12,7:30p,Chicago Bulls,Atlanta Hawks,State Farm Arena,"Atlanta, GA"
80,2024-02-12,7:30p,San Antonio Spurs,Toronto Raptors,Scotiabank Arena,"Toronto, ON"
81,2024-02-12,8:00p,New York Knicks,Houston Rockets,Toyota Center,"Houston, TX"
82,2024-02-12,8:00p,New Orleans Pelicans,Memphis Grizzlies,FedEx Forum,"Memphis, TN"
83,2024-02-12,8:00p,Denver Nuggets,Milwaukee Bucks,Fiserv Forum,"Milwaukee, WI"
84,2024-02-12,8:30p,Washington Wizards,Dallas Mavericks,American Airlines Center,"Dallas, TX"
85,2024-02-12,9:00p,Golden State Warriors,Utah Jazz,Delta Center,"Salt Lake City, UT"
86,2024-02-12,10:30p,Minnesota Timberwolves,Los Angeles Clippers,Crypto.com Arena,"Los Angeles, CA"
87,2024-02-13,7:30p,Boston Celtics,Brooklyn Nets,Barclays Center,"Brooklyn, NY"
88,2024-02-13,7:30p,Oklahoma City Thunder,Orlando Magic,Amway Center,"Orlando, FL"
89,2024-02-13,8:00p,Miami Heat,Milwaukee Bucks,Fiserv Forum,"Milwaukee, WI"
90,2024-02-13,10:00p,Sacramento Kings,Phoenix Suns,Footprint Center,"Phoenix, AZ"
91,2024-02-13,10:00p,Minnesota Timberwolves,Portland Trail Blazers,Moda Center,"Portland, OR"
92,2024-02-13,10:30p,Detroit Pistons,Los Angeles Lakers,Crypto.com Arena,"Los Angeles, CA"
93,2024-02-14,7:00p,Atlanta Hawks,Charlotte Hornets,Spectrum Center,"Charlotte, NC"
94,2024-02-14,7:00p,New York Knicks,Orlando Magic,Amway Center,"Orlando, FL"
95,2024-02-14,7:00p,Miami Heat,Philadelphia 76ers,Wells Fargo Center,"Philadelphia, PA"
96,2024-02-14,7:30p,Brooklyn Nets,Boston Celtics,TD Garden,"Boston, MA"
97,2024-02-14,7:30p,Chicago Bulls,Cleveland Cavaliers,Rocket Mortgage Fieldhouse,
98,2024-02-14,7:30p,Indiana Pacers,Toronto Raptors,Scotiabank Arena,"Toronto, ON"
99,2024-02-14,8:00p,Houston Rockets,Memphis Grizzlies,FedEx Forum,"Memphis, TN"
100,2024-02-14,8:00p,Washington Wizards,New Orleans Pelicans,Smoothie King Center,"New Orleans, LA"
101,2024-02-14,8:30p,San Antonio Spurs,Dallas Mavericks,American Airlines Center,"Dallas, TX"
102,2024-02-14,9:00p,Sacramento Kings,Denver Nuggets,Ball Arena,"Denver, CO"
103,2024-02-14,9:00p,Detroit Pistons,Phoenix Suns,Footprint Center,"Phoenix, AZ"
104,2024-02-14,9:00p,Los Angeles Lakers,Utah Jazz,Delta Center,"Salt Lake City, UT"
105,2024-02-14,10:00p,Los Angeles Clippers,Golden State Warriors,Chase Center,"San Francisco, CA"
106,2024-02-15,8:30p,Milwaukee Bucks,Memphis Grizzlies,FedEx Forum,"Memphis, TN"
107,2024-02-15,9:00p,Golden State Warriors,Utah Jazz,Delta Center,"Salt Lake City, UT"
108,2024-02-15,10:00p,Minnesota Timberwolves,Portland Trail Blazers,Moda Center,"Portland, OR"
109,2024-02-22,7:00p,Orlando Magic,Cleveland Cavaliers,Rocket Mortgage Fieldhouse,
110,2024-02-22,7:00p,Detroit Pistons,Indiana Pacers,Gainbridge Fieldhouse,"Indianapolis, IN"
111,2024-02-22,7:00p,New York Knicks,Philadelphia 76ers,Wells Fargo Center,"Philadelphia, PA"
112,2024-02-22,7:00p,Brooklyn Nets,Toronto Raptors,Scotiabank Arena,"Toronto, ON"
113,2024-02-22,7:30p,Phoenix Suns,Dallas Mavericks,American Airlines Center,"Dallas, TX"
114,2024-02-22,8:00p,Boston Celtics,Chicago Bulls,United Center,"Chicago, IL"
115,2024-02-22,8:00p,Houston Rockets,New Orleans Pelicans,Smoothie King Center,"New Orleans, LA"
116,2024-02-22,8:00p,Los Angeles Clippers,Oklahoma City Thunder,Paycom Center,"Oklahoma City, OK"
117,2024-02-22,9:00p,Washington Wizards,Denver Nuggets,Ball Arena,"Denver, CO"
118,2024-02-22,9:00p,Charlotte Hornets,Utah Jazz,Delta Center,"Salt Lake City, UT"
119,2024-02-22,10:00p,Los Angeles Lakers,Golden State Warriors,Chase Center,"San Francisco, CA"
120,2024-02-22,10:00p,San Antonio Spurs,Sacramento Kings,Golden 1 Center,"Sacramento, CA"
121,2024-02-23,7:30p,Toronto Raptors,Atlanta Hawks,State Farm Arena,"Atlanta, GA"
122,2024-02-23,7:30p,Cleveland Cavaliers,Philadelphia 76ers,Wells Fargo Center,"Philadelphia, PA"
123,2024-02-23,8:00p,Phoenix Suns,Houston Rockets,Toyota Center,"Houston, TX"
124,2024-02-23,8:00p,Los Angeles Clippers,Memphis Grizzlies,FedEx Forum,"Memphis, TN"
125,2024-02-23,8:00p,Miami Heat,New Orleans Pelicans,Smoothie King Center,"New Orleans, LA"
126,2024-02-23,8:00p,Washington Wizards,Oklahoma City Thunder,Paycom Center,"Oklahoma City, OK"
127,2024-02-23,10:00p,Charlotte Hornets,Golden State Warriors,Chase Center,"San Francisco, CA"
128,2024-02-23,10:00p,Milwaukee Bucks,Minnesota Timberwolves,Target Center,"Minneapolis, MN"
129,2024-02-23,10:00p,Denver Nuggets,Portland Trail Blazers,Moda Center,"Portland, OR"
130,2024-02-23,10:30p,San Antonio Spurs,Los Angeles Lakers,Crypto.com Arena,"Los Angeles, CA"
131,2024-02-24,8:00p,Orlando Magic,Detroit Pistons,Little Caesars Arena,"Detroit, MI"
132,2024-02-24,8:30p,Boston Celtics,New York Knicks,Madison Square Garden (IV),"New York, NY"
133,2024-02-24,9:00p,Brooklyn Nets,Minnesota Timberwolves,Target Center,"Minneapolis, MN"
134,2024-02-25,1:00p,Milwaukee Bucks,Philadelphia 76ers,Wells Fargo Center,"Philadelphia, PA"
135,2024-02-25,3:30p,Los Angeles Lakers,Phoenix Suns,Footprint Center,"Phoenix, AZ"
136,2024-02-25,5:00p,Dallas Mavericks,Indiana Pacers,Gainbridge Fieldhouse,"Indianapolis, IN"
137,2024-02-25,6:00p,Cleveland Cavaliers,Washington Wizards,Capital One Arena,"Washington, DC"
138,2024-02-25,7:00p,Orlando Magic,Atlanta Hawks,State Farm Arena,"Atlanta, GA"
139,2024-02-25,7:00p,Denver Nuggets,Golden State Warriors,Chase Center,"San Francisco, CA"
140,2024-02-25,7:00p,Oklahoma City Thunder,Houston Rockets,Toyota Center,"Houston, TX"
141,2024-02-25,7:00p,Chicago Bulls,New Orleans Pelicans,Smoothie King Center,"New Orleans, LA"
142,2024-02-25,8:00p,San Antonio Spurs,Utah Jazz,Delta Center,"Salt Lake City, UT"
143,2024-02-25,9:00p,Charlotte Hornets,Portland Trail Blazers,Moda Center,"Portland, OR"
144,2024-02-25,9:30p,Sacramento Kings,Los Angeles Clippers,Crypto.com Arena,"Los Angeles, CA"
145,2024-02-26,7:00p,Toronto Raptors,Indiana Pacers,Gainbridge Fieldhouse,"Indianapolis, IN"
146,2024-02-26,7:30p,Detroit Pistons,New York Knicks,Madison Square Garden (IV),"New York, NY"
147,2024-02-26,8:00p,Brooklyn Nets,Memphis Grizzlies,FedEx Forum,"Memphis, TN"
148,2024-02-26,10:00p,Miami Heat,Sacramento Kings,Golden 1 Center,"Sacramento, CA"
149,2024-02-27,7:00p,Dallas Mavericks,Cleveland Cavaliers,Rocket Mortgage Fieldhouse,
150,2024-02-27,7:00p,Brooklyn Nets,Orlando Magic,Amway Center,"Orlando, FL"
151,2024-02-27,7:00p,Golden State Warriors,Washington Wizards,Capital One Arena,"Washington, DC"
152,2024-02-27,7:30p,Utah Jazz,Atlanta Hawks,State Farm Arena,"Atlanta, GA"
153,2024-02-27,7:30p,Philadelphia 76ers,Boston Celtics,TD Garden,"Boston, MA"
154,2024-02-27,7:30p,San Antonio Spurs,Minnesota Timberwolves,Target Center,"Minneapolis, MN"
155,2024-02-27,7:30p,New Orleans Pelicans,New York Knicks,Madison Square Garden (IV),"New York, NY"
156,2024-02-27,8:00p,Detroit Pistons,Chicago Bulls,United Center,"Chicago, IL"
157,2024-02-27,8:00p,Charlotte Hornets,Milwaukee Bucks,Fiserv Forum,"Milwaukee, WI"
158,2024-02-27,10:00p,Houston Rockets,Oklahoma City Thunder,Paycom Center,"Oklahoma City, OK"
159,2024-02-27,10:00p,Miami Heat,Portland Trail Blazers,Moda Center,"Portland, OR"
160,2024-02-28,7:00p,New Orleans Pelicans,Indiana Pacers,Gainbridge Fieldhouse,"Indianapolis, IN"
161,2024-02-28,7:30p,Memphis Grizzlies,Minnesota Timberwolves,Target Center,"Minneapolis, MN"
162,2024-02-28,7:30p,Dallas Mavericks,Toronto Raptors,Scotiabank Arena,"Toronto, ON"
163,2024-02-28,8:00p,Cleveland Cavaliers,Chicago Bulls,United Center,"Chicago, IL"
164,2024-02-28,9:00p,Sacramento Kings,Denver Nuggets,Ball Arena,"Denver, CO"
165,2024-02-28,10:00p,Los Angeles Lakers,Los Angeles Clippers,Crypto.com Arena,"Los Angeles, CA"
166,2024-02-29,7:00p,Milwaukee Bucks,Charlotte Hornets,Spectrum Center,"Charlotte, NC"
167,2024-02-29,7:00p,Utah Jazz,Orlando Magic,Amway Center,"Orlando, FL"
168,2024-02-29,7:30p,Atlanta Hawks,Brooklyn Nets,Barclays Center,"Brooklyn, NY"
169,2024-02-29,7:30p,Golden State Warriors,New York Knicks,Madison Square Garden (IV),"New York, NY"
170,2024-02-29,8:30p,Oklahoma City Thunder,San Antonio Spurs,Frost Bank Center,"Corpus Christi, TX"
171,2024-02-29,9:00p,Houston Rockets,Phoenix Suns,Footprint Center,"Phoenix, AZ"
172,2024-02-29,10:00p,Miami Heat,Denver Nuggets,Ball Arena,"Denver, CO"
173,2024-02-29,10:30p,Washington Wizards,Los Angeles Lakers,Crypto.com Arena,"Los Angeles, CA"
174,2024-03-01,7:00p,Cleveland Cavaliers,Detroit Pistons,Little Caesars Arena,"Detroit, MI"
175,2024-03-01,7:00p,Charlotte Hornets,Philadelphia 76ers,Wells Fargo Center,"Philadelphia, PA"
176,2024-03-01,7:30p,Dallas Mavericks,Boston Celtics,TD Garden,"Boston, MA"
177,2024-03-01,7:30p,Golden State Warriors,Toronto Raptors,Scotiabank Arena,"Toronto, ON"
178,2024-03-01,8:00p,Portland Trail Blazers,Memphis Grizzlies,FedEx Forum,"Memphis, TN"
179,2024-03-01,8:00p,Sacramento Kings,Minnesota Timberwolves,Target Center,"Minneapolis, MN"
180,2024-03-01,8:00p,Indiana Pacers,New Orleans Pelicans,Smoothie King Center,"New Orleans, LA"
181,2024-03-01,10:00p,Milwaukee Bucks,Chicago Bulls,United Center,"Chicago, IL"
182,2024-03-01,10:30p,Washington Wizards,Los Angeles Clippers,Crypto.com Arena,"Los Angeles, CA"
183,2024-03-02,3:00p,Atlanta Hawks,Brooklyn Nets,Barclays Center,"Brooklyn, NY"
184,2024-03-02,5:00p,Utah Jazz,Miami Heat,Kaseya Center,"Miami, FL"
185,2024-03-02,8:00p,Portland Trail Blazers,Memphis Grizzlies,FedEx Forum,"Memphis, TN"
186,2024-03-02,8:30p,Denver Nuggets,Los Angeles Lakers,Crypto.com Arena,"Los Angeles, CA"
187,2024-03-02,9:00p,Houston Rockets,Phoenix Suns,Footprint Center,"Phoenix, AZ"
188,2024-03-03,1:00p,Philadelphia 76ers,Dallas Mavericks,American Airlines Center,"Dallas, TX"
189,2024-03-03,3:30p,Golden State Warriors,Boston Celtics,TD Garden,"Boston, MA"
190,2024-03-03,3:30p,Los Angeles Clippers,Minnesota Timberwolves,Target Center,"Minneapolis, MN"
191,2024-03-03,6:00p,Detroit Pistons,Orlando Magic,Amway Center,"Orlando, FL"
192,2024-03-03,6:00p,Charlotte Hornets,Toronto Raptors,Scotiabank Arena,"Toronto, ON"
193,2024-03-03,7:00p,New York Knicks,Cleveland Cavaliers,Rocket Mortgage Fieldhouse,
194,2024-03-03,7:00p,Indiana Pacers,San Antonio Spurs,Frost Bank Center,"Corpus Christi, TX"
195,2024-03-03,9:30p,Oklahoma City Thunder,Phoenix Suns,Footprint Center,"Phoenix, AZ"
196,2024-03-04,7:30p,Memphis Grizzlies,Brooklyn Nets,Barclays Center,"Brooklyn, NY"
197,2024-03-04,8:00p,Los Angeles Clippers,Milwaukee Bucks,Fiserv Forum,"Milwaukee, WI"
198,2024-03-04,8:00p,Portland Trail Blazers,Minnesota Timberwolves,Target Center,"Minneapolis, MN"
199,2024-03-04,9:00p,Washington Wizards,Utah Jazz,Delta Center,"Salt Lake City, UT"
200,2024-03-04,10:00p,Chicago Bulls,Sacramento Kings,Golden 1 Center,"Sacramento, CA"
201,2024-03-04,10:30p,Oklahoma City Thunder,Los Angeles Lakers,Crypto.com Arena,"Los Angeles, CA"
202,2024-03-05,7:00p,Orlando Magic,Charlotte Hornets,Spectrum Center,"Charlotte, NC"
203,2024-03-05,7:00p,Boston Celtics,Cleveland Cavaliers,Rocket Mortgage Fieldhouse,
204,2024-03-05,7:30p,Philadelphia 76ers,Brooklyn Nets,Barclays Center,"Brooklyn, NY"
205,2024-03-05,7:30p,Detroit Pistons,Miami Heat,Kaseya Center,"Miami, FL"
206,2024-03-05,7:30p,Atlanta Hawks,New York Knicks,Madison Square Garden (IV),"New York, NY"
207,2024-03-05,7:30p,New Orleans Pelicans,Toronto Raptors,Scotiabank Arena,"Toronto, ON"
208,2024-03-05,8:00p,San Antonio Spurs,Houston Rockets,Toyota Center,"Houston, TX"
209,2024-03-05,8:30p,Indiana Pacers,Dallas Mavericks,American Airlines Center,"Dallas, TX"
210,2024-03-05,10:00p,Phoenix Suns,Denver Nuggets,Ball Arena,"Denver, CO"
211,2024-03-06,7:00p,Orlando Magic,Washington Wizards,Capital One Arena,"Washington, DC"
212,2024-03-06,7:30p,Cleveland Cavaliers,Atlanta Hawks,State Farm Arena,"Atlanta, GA"
213,2024-03-06,7:30p,Memphis Grizzlies,Philadelphia 76ers,Wells Fargo Center,"Philadelphia, PA"
214,2024-03-06,8:00p,Los Angeles Clippers,Houston Rockets,Toyota Center,"Houston, TX"
215,2024-03-06,9:00p,Chicago Bulls,Utah Jazz,Delta Center,"Salt Lake City, UT"
216,2024-03-06,10:00p,Milwaukee Bucks,Golden State Warriors,Chase Center,"San Francisco, CA"
217,2024-03-06,10:00p,Oklahoma City Thunder,Portland Trail Blazers,Moda Center,"Portland, OR"
218,2024-03-06,10:30p,Sacramento Kings,Los Angeles Lakers,Crypto.com Arena,"Los Angeles, CA"
219,2024-03-07,7:00p,Brooklyn Nets,Detroit Pistons,Little Caesars Arena,"Detroit, MI"
220,2024-03-07,7:00p,Minnesota Timberwolves,Indiana Pacers,Gainbridge Fieldhouse,"Indianapolis, IN"
221,2024-03-07,7:30p,Miami Heat,Dallas Mavericks,American Airlines Center,"Dallas, TX"
222,2024-03-07,9:00p,Toronto Raptors,Phoenix Suns,Footprint Center,"Phoenix, AZ"
223,2024-03-07,10:00p,Boston Celtics,Denver Nuggets,Ball Arena,"Denver, CO"
224,2024-03-07,10:00p,Chicago Bulls,Golden State Warriors,Chase Center,"San Francisco, CA"
225,2024-03-07,10:00p,San Antonio Spurs,Sacramento Kings,Golden 1 Center,"Sacramento, CA"
226,2024-03-08,7:00p,New Orleans Pelicans,Philadelphia 76ers,Wells Fargo Center,"Philadelphia, PA"
227,2024-03-08,7:00p,Charlotte Hornets,Washington Wizards,Capital One Arena,"Washington, DC"
228,2024-03-08,7:30p,Minnesota Timberwolves,Cleveland Cavaliers,Rocket Mortgage Fieldhouse,
229,2024-03-08,7:30p,Atlanta Hawks,Memphis Grizzlies,FedEx Forum,"Memphis, TN"
230,2024-03-08,7:30p,Orlando Magic,New York Knicks,Madison Square Garden (IV),"New York, NY"
231,2024-03-08,8:00p,Miami Heat,Oklahoma City Thunder,Paycom Center,"Oklahoma City, OK"
232,2024-03-08,10:00p,Milwaukee Bucks,Los Angeles Lakers,Crypto.com Arena,"Los Angeles, CA"
233,2024-03-08,10:00p,Houston Rockets,Portland Trail Blazers,Moda Center,"Portland, OR"
234,2024-03-09,4:00p,Chicago Bulls,Los Angeles Clippers,Crypto.com Arena,"Los Angeles, CA"
235,2024-03-09,7:00p,Brooklyn Nets,Charlotte Hornets,Spectrum Center,"Charlotte, NC"
236,2024-03-09,7:00p,Dallas Mavericks,Detroit Pistons,Little Caesars Arena,"Detroit, MI"
237,2024-03-09,8:30p,San Antonio Spurs,Golden State Warriors,Chase Center,"San Francisco, CA"
238,2024-03-09,8:30p,Boston Celtics,Phoenix Suns,Footprint Center,"Phoenix, AZ"
239,2024-03-09,10:00p,Utah Jazz,Denver Nuggets,Ball Arena,"Denver, CO"
240,2024-03-09,10:00p,Toronto Raptors,Portland Trail Blazers,Moda Center,"Portland, OR"
241,2024-03-10,3:00p,Milwaukee Bucks,Los Angeles Clippers,Crypto.com Arena,"Los Angeles, CA"
242,2024-03-10,6:00p,New Orleans Pelicans,Atlanta Hawks,State Farm Arena,"Atlanta, GA"
243,2024-03-10,6:00p,Washington Wizards,Miami Heat,Kaseya Center,"Miami, FL"
244,2024-03-10,6:00p,Philadelphia 76ers,New York Knicks,Madison Square Garden (IV),"New York, NY"
245,2024-03-10,6:00p,Indiana Pacers,Orlando Magic,Amway Center,"Orlando, FL"
246,2024-03-10,6:00p,Houston Rockets,Sacramento Kings,Golden 1 Center,"Sacramento, CA"
247,2024-03-10,7:00p,Brooklyn Nets,Cleveland Cavaliers,Rocket Mortgage Fieldhouse,
248,2024-03-10,7:00p,Memphis Grizzlies,Oklahoma City Thunder,Paycom Center,"Oklahoma City, OK"
249,2024-03-10,9:30p,Minnesota Timberwolves,Los Angeles Lakers,Crypto.com Arena,"Los Angeles, CA"
250,2024-03-11,7:00p,Charlotte Hornets,Detroit Pistons,Little Caesars Arena,"Detroit, MI"
251,2024-03-11,7:30p,Phoenix Suns,Cleveland Cavaliers,Rocket Mortgage Fieldhouse,
252,2024-03-11,8:00p,Dallas Mavericks,Chicago Bulls,United Center,"Chicago, IL"
253,2024-03-11,8:00p,Golden State Warriors,San Antonio Spurs,Frost Bank Center,"Corpus Christi, TX"
254,2024-03-11,9:00p,Toronto Raptors,Denver Nuggets,Ball Arena,"Denver, CO"
255,2024-03-11,10:30p,Boston Celtics,Portland Trail Blazers,Moda Center,"Portland, OR"
256,2024-03-12,7:30p,Philadelphia 76ers,New York Knicks,Madison Square Garden (IV),"New York, NY"
257,2024-03-12,8:00p,Washington Wizards,Memphis Grizzlies,FedEx Forum,"Memphis, TN"
258,2024-03-12,8:00p,Indiana Pacers,Oklahoma City Thunder,Paycom Center,"Oklahoma City, OK"
259,2024-03-12,8:30p,Houston Rockets,San Antonio Spurs,Frost Bank Center,"Corpus Christi, TX"
260,2024-03-12,9:00p,Boston Celtics,Utah Jazz,Delta Center,"Salt Lake City, UT"
261,2024-03-12,10:00p,Minnesota Timberwolves,Los Angeles Clippers,Crypto.com Arena,"Los Angeles, CA"
262,2024-03-12,10:00p,Milwaukee Bucks,Sacramento Kings,Golden 1 Center,"Sacramento, CA"
263,2024-03-13,7:00p,Toronto Raptors,Detroit Pistons,Little Caesars Arena,"Detroit, MI"
264,2024-03-13,7:00p,Brooklyn Nets,Orlando Magic,Amway Center,"Orlando, FL"
265,2024-03-13,7:30p,Chicago Bulls,Indiana Pacers,Gainbridge Fieldhouse,"Indianapolis, IN"
266,2024-03-13,7:30p,Denver Nuggets,Miami Heat,Kaseya Center,"Miami, FL"
267,2024-03-13,8:00p,Charlotte Hornets,Memphis Grizzlies,FedEx Forum,"Memphis, TN"
268,2024-03-13,8:00p,Cleveland Cavaliers,New Orleans Pelicans,Smoothie King Center,"New Orleans, LA"
269,2024-03-13,8:30p,Golden State Warriors,Dallas Mavericks,American Airlines Center,"Dallas, TX"
270,2024-03-13,10:00p,Atlanta Hawks,Portland Trail Blazers,Moda Center,"Portland, OR"
271,2024-03-13,10:00p,Los Angeles Lakers,Sacramento Kings,Golden 1 Center,"Sacramento, CA"
272,2024-03-14,7:30p,Phoenix Suns,Boston Celtics,TD Garden,"Boston, MA"
273,2024-03-14,8:00p,Los Angeles Clippers,Chicago Bulls,United Center,"Chicago, IL"
274,2024-03-14,8:00p,Washington Wizards,Houston Rockets,Toyota Center,"Houston, TX"
275,2024-03-14,8:00p,Philadelphia 76ers,Milwaukee Bucks,Fiserv Forum,"Milwaukee, WI"
276,2024-03-14,10:00p,Dallas Mavericks,Oklahoma City Thunder,Paycom Center,"Oklahoma City, OK"
277,2024-03-14,10:00p,New York Knicks,Portland Trail Blazers,Moda Center,"Portland, OR"
278,2024-03-15,7:00p,Phoenix Suns,Charlotte Hornets,Spectrum Center,"Charlotte, NC"
279,2024-03-15,7:00p,Miami Heat,Detroit Pistons,Little Caesars Arena,"Detroit, MI"
280,2024-03-15,7:30p,Orlando Magic,Toronto Raptors,Scotiabank Arena,"Toronto, ON"
281,2024-03-15,8:00p,Los Angeles Clippers,New Orleans Pelicans,Smoothie King Center,"New Orleans, LA"
282,2024-03-15,8:30p,Denver Nuggets,San Antonio Spurs,Frost Bank Center,"Corpus Christi, TX"
283,2024-03-15,9:30p,Atlanta Hawks,Utah Jazz,Delta Center,"Salt Lake City, UT"
284,2024-03-16,5:00p,Cleveland Cavaliers,Houston Rockets,Toyota Center,"Houston, TX"
285,2024-03-16,7:00p,Brooklyn Nets,Indiana Pacers,Gainbridge Fieldhouse,"Indianapolis, IN"
286,2024-03-16,7:00p,Portland Trail Blazers,New Orleans Pelicans,Smoothie King Center,"New Orleans, LA"
287,2024-03-16,7:00p,Charlotte Hornets,Philadelphia 76ers,Wells Fargo Center,"Philadelphia, PA"
288,2024-03-16,8:00p,Washington Wizards,Chicago Bulls,United Center,"Chicago, IL"
289,2024-03-16,8:00p,Oklahoma City Thunder,Memphis Grizzlies,FedEx Forum,"Memphis, TN"
290,2024-03-16,8:30p,Golden State Warriors,Los Angeles Lakers,Crypto.com Arena,"Los Angeles, CA"
291,2024-03-16,9:30p,Minnesota Timberwolves,Utah Jazz,Delta Center,"Salt Lake City, UT"
292,2024-03-16,10:00p,New York Knicks,Sacramento Kings,Golden 1 Center,"Sacramento, CA"
293,2024-03-17,1:00p,Phoenix Suns,Milwaukee Bucks,Fiserv Forum,"Milwaukee, WI"
294,2024-03-17,3:00p,Miami Heat,Detroit Pistons,Little Caesars Arena,"Detroit, MI"
295,2024-03-17,3:30p,Denver Nuggets,Dallas Mavericks,American Airlines Center,"Dallas, TX"
296,2024-03-17,6:00p,Toronto Raptors,Orlando Magic,Amway Center,"Orlando, FL"
297,2024-03-17,6:00p,Boston Celtics,Washington Wizards,Capital One Arena,"Washington, DC"
298,2024-03-17,7:00p,Brooklyn Nets,San Antonio Spurs,Frost Bank Center,"Corpus Christi, TX"
299,2024-03-17,9:30p,Atlanta Hawks,Los Angeles Clippers,Crypto.com Arena,"Los Angeles, CA"
300,2024-03-18,7:00p,Cleveland Cavaliers,Indiana Pacers,Gainbridge Fieldhouse,"Indianapolis, IN"
301,2024-03-18,7:30p,Detroit Pistons,Boston Celtics,TD Garden,"Boston, MA"
302,2024-03-18,7:30p,Miami Heat,Philadelphia 76ers,Wells Fargo Center,"Philadelphia, PA"
303,2024-03-18,8:00p,Portland Trail Blazers,Chicago Bulls,United Center,"Chicago, IL"
304,2024-03-18,9:00p,Minnesota Timberwolves,Utah Jazz,Delta Center,"Salt Lake City, UT"
305,2024-03-18,10:00p,New York Knicks,Golden State Warriors,Chase Center,"San Francisco, CA"
306,2024-03-18,10:00p,Memphis Grizzlies,Sacramento Kings,Golden 1 Center,"Sacramento, CA"
307,2024-03-18,10:30p,Atlanta Hawks,Los Angeles Lakers,Crypto.com Arena,"Los Angeles, CA"
308,2024-03-19,7:00p,Charlotte Hornets,Orlando Magic,Amway Center,"Orlando, FL"
309,2024-03-19,7:00p,Houston Rockets,Washington Wizards,Capital One Arena,"Washington, DC"
310,2024-03-19,7:30p,New Orleans Pelicans,Brooklyn Nets,Barclays Center,"Brooklyn, NY"
311,2024-03-19,8:00p,Dallas Mavericks,San Antonio Spurs,Frost Bank Center,"Corpus Christi, TX"
312,2024-03-19,9:00p,Denver Nuggets,Minnesota Timberwolves,Target Center,"Minneapolis, MN"
313,2024-03-20,7:00p,Miami Heat,Cleveland Cavaliers,Rocket Mortgage Fieldhouse,
314,2024-03-20,7:00p,Indiana Pacers,Detroit Pistons,Little Caesars Arena,"Detroit, MI"
315,2024-03-20,7:30p,Milwaukee Bucks,Boston Celtics,TD Garden,"Boston, MA"
316,2024-03-20,7:30p,Sacramento Kings,Toronto Raptors,Scotiabank Arena,"Toronto, ON"
317,2024-03-20,8:00p,Utah Jazz,Oklahoma City Thunder,Paycom Center,"Oklahoma City, OK"
318,2024-03-20,10:00p,Memphis Grizzlies,Golden State Warriors,Chase Center,"San Francisco, CA"
319,2024-03-20,10:00p,Philadelphia 76ers,Phoenix Suns,Footprint Center,"Phoenix, AZ"
320,2024-03-20,10:00p,Los Angeles Clippers,Portland Trail Blazers,Moda Center,"Portland, OR"
321,2024-03-21,7:00p,New Orleans Pelicans,Orlando Magic,Amway Center,"Orlando, FL"
322,2024-03-21,7:00p,Sacramento Kings,Washington Wizards,Capital One Arena,"Washington, DC"
323,2024-03-21,8:00p,Chicago Bulls,Houston Rockets,Toyota Center,"Houston, TX"
324,2024-03-21,8:00p,Brooklyn Nets,Milwaukee Bucks,Fiserv Forum,"Milwaukee, WI"
325,2024-03-21,8:30p,Utah Jazz,Dallas Mavericks,American Airlines Center,"Dallas, TX"
326,2024-03-21,9:00p,New York Knicks,Denver Nuggets,Ball Arena,"Denver, CO"
327,2024-03-21,10:30p,Atlanta Hawks,Phoenix Suns,Footprint Center,"Phoenix, AZ"
328,2024-03-22,7:00p,Boston Celtics,Detroit Pistons,Little Caesars Arena,"Detroit, MI"
329,2024-03-22,7:00p,Oklahoma City Thunder,Toronto Raptors,Scotiabank Arena,"Toronto, ON"
330,2024-03-22,8:00p,New Orleans Pelicans,Miami Heat,Kaseya Center,"Miami, FL"
331,2024-03-22,8:00p,Cleveland Cavaliers,Minnesota Timberwolves,Target Center,"Minneapolis, MN"
332,2024-03-22,8:00p,Memphis Grizzlies,San Antonio Spurs,Frost Bank Center,"Corpus Christi, TX"
333,2024-03-22,10:00p,Indiana Pacers,Golden State Warriors,Chase Center,"San Francisco, CA"
334,2024-03-22,10:00p,Los Angeles Clippers,Portland Trail Blazers,Moda Center,"Portland, OR"
335,2024-03-22,10:30p,Philadelphia 76ers,Los Angeles Lakers,Crypto.com Arena,"Los Angeles, CA"
336,2024-03-23,1:00p,Brooklyn Nets,New York Knicks,Madison Square Garden (IV),"New York, NY"
337,2024-03-23,7:00p,Sacramento Kings,Orlando Magic,Amway Center,"Orlando, FL"
338,2024-03-23,7:30p,Charlotte Hornets,Atlanta Hawks,State Farm Arena,"Atlanta, GA"
339,2024-03-23,8:00p,Boston Celtics,Chicago Bulls,United Center,"Chicago, IL"
340,2024-03-23,8:00p,Utah Jazz,Houston Rockets,Toyota Center,"Houston, TX"
341,2024-03-23,8:00p,Phoenix Suns,San Antonio Spurs,Frost Bank Center,"Corpus Christi, TX"
342,2024-03-23,8:00p,Toronto Raptors,Washington Wizards,Capital One Arena,"Washington, DC"
343,2024-03-23,10:00p,Denver Nuggets,Portland Trail Blazers,Moda Center,"Portland, OR"
344,2024-03-24,3:00p,New Orleans Pelicans,Detroit Pistons,Little Caesars Arena,"Detroit, MI"
345,2024-03-24,3:30p,Philadelphia 76ers,Los Angeles Clippers,Crypto.com Arena,"Los Angeles, CA"
346,2024-03-24,6:00p,Cleveland Cavaliers,Miami Heat,Kaseya Center,"Miami, FL"
347,2024-03-24,7:00p,Oklahoma City Thunder,Milwaukee Bucks,Fiserv Forum,"Milwaukee, WI"
348,2024-03-24,7:00p,Golden State Warriors,Minnesota Timberwolves,Target Center,"Minneapolis, MN"
349,2024-03-24,10:00p,Indiana Pacers,Los Angeles Lakers,Crypto.com Arena,"Los Angeles, CA"
350,2024-03-25,7:00p,Charlotte Hornets,Cleveland Cavaliers,Rocket Mortgage Fieldhouse,
351,2024-03-25,7:30p,Boston Celtics,Atlanta Hawks,State Farm Arena,"Atlanta, GA"
352,2024-03-25,7:30p,Detroit Pistons,New York Knicks,Madison Square Garden (IV),"New York, NY"
353,2024-03-25,7:30p,Brooklyn Nets,Toronto Raptors,Scotiabank Arena,"Toronto, ON"
354,2024-03-25,8:00p,Washington Wizards,Chicago Bulls,United Center,"Chicago, IL"
355,2024-03-25,8:00p,Portland Trail Blazers,Houston Rockets,Toyota Center,"Houston, TX"
356,2024-03-25,8:00p,Phoenix Suns,San Antonio Spurs,Frost Bank Center,"Corpus Christi, TX"
357,2024-03-25,9:00p,Memphis Grizzlies,Denver Nuggets,Ball Arena,"Denver, CO"
358,2024-03-25,9:00p,Dallas Mavericks,Utah Jazz,Delta Center,"Salt Lake City, UT"
359,2024-03-25,10:00p,Philadelphia 76ers,Sacramento Kings,Golden 1 Center,"Sacramento, CA"
360,2024-03-25,10:30p,Indiana Pacers,Los Angeles Clippers,Crypto.com Arena,"Los Angeles, CA"
361,2024-03-26,7:30p,Golden State Warriors,Miami Heat,Kaseya Center,"Miami, FL"
362,2024-03-26,7:30p,Los Angeles Lakers,Milwaukee Bucks,Fiserv Forum,"Milwaukee, WI"
363,2024-03-26,8:00p,Oklahoma City Thunder,New Orleans Pelicans,Smoothie King Center,"New Orleans, LA"
364,2024-03-26,10:00p,Dallas Mavericks,Sacramento Kings,Golden 1 Center,"Sacramento, CA"
365,2024-03-27,7:00p,Cleveland Cavaliers,Charlotte Hornets,Spectrum Center,"Charlotte, NC"
366,2024-03-27,7:00p,Golden State Warriors,Orlando Magic,Amway Center,"Orlando, FL"
367,2024-03-27,7:00p,Brooklyn Nets,Washington Wizards,Capital One Arena,"Washington, DC"
368,2024-03-27,7:30p,Portland Trail Blazers,Atlanta Hawks,State Farm Arena,"Atlanta, GA"
369,2024-03-27,7:30p,Los Angeles Clippers,Philadelphia 76ers,Wells Fargo Center,"Philadelphia, PA"
370,2024-03-27,7:30p,New York Knicks,Toronto Raptors,Scotiabank Arena,"Toronto, ON"
371,2024-03-27,8:00p,Indiana Pacers,Chicago Bulls,United Center,"Chicago, IL"
372,2024-03-27,8:00p,Los Angeles Lakers,Memphis Grizzlies,FedEx Forum,"Memphis, TN"
373,2024-03-27,8:00p,Detroit Pistons,Minnesota Timberwolves,Target Center,"Minneapolis, MN"
374,2024-03-27,8:00p,Houston Rockets,Oklahoma City Thunder,Paycom Center,"Oklahoma City, OK"
375,2024-03-27,9:00p,San Antonio Spurs,Utah Jazz,Delta Center,"Salt Lake City, UT"
376,2024-03-27,10:00p,Phoenix Suns,Denver Nuggets,Ball Arena,"Denver, CO"
377,2024-03-28,7:30p,Boston Celtics,Atlanta Hawks,State Farm Arena,"Atlanta, GA"
378,2024-03-28,8:00p,Milwaukee Bucks,New Orleans Pelicans,Smoothie King Center,"New Orleans, LA"
379,2024-03-29,7:00p,Golden State Warriors,Charlotte Hornets,Spectrum Center,"Charlotte, NC"
380,2024-03-29,7:00p,Los Angeles Lakers,Indiana Pacers,Gainbridge Fieldhouse,"Indianapolis, IN"
381,2024-03-29,7:00p,Los Angeles Clippers,Orlando Magic,Amway Center,"Orlando, FL"
382,2024-03-29,7:00p,Detroit Pistons,Washington Wizards,Capital One Arena,"Washington, DC"
383,2024-03-29,7:30p,Chicago Bulls,Brooklyn Nets,Barclays Center,"Brooklyn, NY"
384,2024-03-29,7:30p,Philadelphia 76ers,Cleveland Cavaliers,Rocket Mortgage Fieldhouse,
385,2024-03-29,8:00p,Portland Trail Blazers,Miami Heat,Kaseya Center,"Miami, FL"
386,2024-03-29,8:00p,Phoenix Suns,Oklahoma City Thunder,Paycom Center,"Oklahoma City, OK"
387,2024-03-29,8:00p,New York Knicks,San Antonio Spurs,Frost Bank Center,"Corpus Christi, TX"
388,2024-03-29,9:00p,Minnesota Timberwolves,Denver Nuggets,Ball Arena,"Denver, CO"
389,2024-03-29,9:30p,Houston Rockets,Utah Jazz,Delta Center,"Salt Lake City, UT"
390,2024-03-29,10:00p,Dallas Mavericks,Sacramento Kings,Golden 1 Center,"Sacramento, CA"
391,2024-03-30,5:00p,Boston Celtics,New Orleans Pelicans,Smoothie King Center,"New Orleans, LA"
392,2024-03-30,7:00p,Memphis Grizzlies,Orlando Magic,Amway Center,"Orlando, FL"
393,2024-03-30,7:30p,Milwaukee Bucks,Atlanta Hawks,State Farm Arena,"Atlanta, GA"
394,2024-03-31,3:30p,Cleveland Cavaliers,Denver Nuggets,Ball Arena,"Denver, CO"
395,2024-03-31,6:00p,Los Angeles Lakers,Brooklyn Nets,Barclays Center,"Brooklyn, NY"
396,2024-03-31,6:00p,Los Angeles Clippers,Charlotte Hornets,Spectrum Center,"Charlotte, NC"
397,2024-03-31,6:00p,Philadelphia 76ers,Toronto Raptors,Scotiabank Arena,"Toronto, ON"
398,2024-03-31,6:00p,Miami Heat,Washington Wizards,Capital One Arena,"Washington, DC"
399,2024-03-31,7:00p,Dallas Mavericks,Houston Rockets,Toyota Center,"Houston, TX"
400,2024-03-31,7:00p,Chicago Bulls,Minnesota Timberwolves,Target Center,"Minneapolis, MN"
401,2024-03-31,7:00p,Oklahoma City Thunder,New York Knicks,Madison Square Garden (IV),"New York, NY"
402,2024-03-31,7:00p,Golden State Warriors,San Antonio Spurs,Frost Bank Center,"Corpus Christi, TX"
403,2024-03-31,9:00p,Utah Jazz,Sacramento Kings,Golden 1 Center,"Sacramento, CA"
404,2024-04-01,7:00p,Boston Celtics,Charlotte Hornets,Spectrum Center,"Charlotte, NC"
405,2024-04-01,7:00p,Memphis Grizzlies,Detroit Pistons,Little Caesars Arena,"Detroit, MI"
406,2024-04-01,7:00p,Brooklyn Nets,Indiana Pacers,Gainbridge Fieldhouse,"Indianapolis, IN"
407,2024-04-01,7:00p,Portland Trail Blazers,Orlando Magic,Amway Center,"Orlando, FL"
408,2024-04-01,8:00p,Atlanta Hawks,Chicago Bulls,United Center,"Chicago, IL"
409,2024-04-01,8:00p,Phoenix Suns,New Orleans Pelicans,Smoothie King Center,"New Orleans, LA"
410,2024-04-02,7:00p,Los Angeles Lakers,Toronto Raptors,Scotiabank Arena,"Toronto, ON"
411,2024-04-02,7:00p,Milwaukee Bucks,Washington Wizards,Capital One Arena,"Washington, DC"
412,2024-04-02,7:30p,New York Knicks,Miami Heat,Kaseya Center,"Miami, FL"
413,2024-04-02,7:30p,Oklahoma City Thunder,Philadelphia 76ers,Wells Fargo Center,"Philadelphia, PA"
414,2024-04-02,8:00p,Houston Rockets,Minnesota Timberwolves,Target Center,"Minneapolis, MN"
415,2024-04-02,9:00p,San Antonio Spurs,Denver Nuggets,Ball Arena,"Denver, CO"
416,2024-04-02,9:00p,Cleveland Cavaliers,Utah Jazz,Delta Center,"Salt Lake City, UT"
417,2024-04-02,10:00p,Dallas Mavericks,Golden State Warriors,Chase Center,"San Francisco, CA"
418,2024-04-02,10:00p,Los Angeles Clippers,Sacramento Kings,Golden 1 Center,"Sacramento, CA"
419,2024-04-03,7:00p,Portland Trail Blazers,Charlotte Hornets,Spectrum Center,"Charlotte, NC"
420,2024-04-03,7:00p,Los Angeles Lakers,Washington Wizards,Capital One Arena,"Washington, DC"
421,2024-04-03,7:30p,Detroit Pistons,Atlanta Hawks,State Farm Arena,"Atlanta, GA"
422,2024-04-03,7:30p,Oklahoma City Thunder,Boston Celtics,TD Garden,"Boston, MA"
423,2024-04-03,7:30p,Indiana Pacers,Brooklyn Nets,Barclays Center,"Brooklyn, NY"
424,2024-04-03,7:30p,Memphis Grizzlies,Milwaukee Bucks,Fiserv Forum,"Milwaukee, WI"
425,2024-04-03,8:00p,Toronto Raptors,Minnesota Timberwolves,Target Center,"Minneapolis, MN"
426,2024-04-03,8:00p,Orlando Magic,New Orleans Pelicans,Smoothie King Center,"New Orleans, LA"
427,2024-04-03,10:00p,Cleveland Cavaliers,Phoenix Suns,Footprint Center,"Phoenix, AZ"
428,2024-04-04,7:30p,Philadelphia 76ers,Miami Heat,Kaseya Center,"Miami, FL"
429,2024-04-04,7:30p,Sacramento Kings,New York Knicks,Madison Square Garden (IV),"New York, NY"
430,2024-04-04,8:00p,Golden State Warriors,Houston Rockets,Toyota Center,"Houston, TX"
431,2024-04-04,8:30p,Atlanta Hawks,Dallas Mavericks,American Airlines Center,"Dallas, TX"
432,2024-04-04,10:00p,Denver Nuggets,Los Angeles Clippers,Crypto.com Arena,"Los Angeles, CA"
433,2024-04-05,7:00p,Orlando Magic,Charlotte Hornets,Spectrum Center,"Charlotte, NC"
434,2024-04-05,7:00p,Oklahoma City Thunder,Indiana Pacers,Gainbridge Fieldhouse,"Indianapolis, IN"
435,2024-04-05,7:00p,Portland Trail Blazers,Washington Wizards,Capital One Arena,"Washington, DC"
436,2024-04-05,7:30p,Sacramento Kings,Boston Celtics,TD Garden,"Boston, MA"
437,2024-04-05,8:00p,New York Knicks,Chicago Bulls,United Center,"Chicago, IL"
438,2024-04-05,8:00p,Miami Heat,Houston Rockets,Toyota Center,"Houston, TX"
439,2024-04-05,8:00p,Detroit Pistons,Memphis Grizzlies,FedEx Forum,"Memphis, TN"
440,2024-04-05,8:00p,Toronto Raptors,Milwaukee Bucks,Fiserv Forum,"Milwaukee, WI"
441,2024-04-05,8:00p,San Antonio Spurs,New Orleans Pelicans,Smoothie King Center,"New Orleans, LA"
442,2024-04-05,8:30p,Golden State Warriors,Dallas Mavericks,American Airlines Center,"Dallas, TX"
443,2024-04-05,10:00p,Minnesota Timberwolves,Phoenix Suns,Footprint Center,"Phoenix, AZ"
444,2024-04-05,10:30p,Utah Jazz,Los Angeles Clippers,Crypto.com Arena,"Los Angeles, CA"
445,2024-04-06,3:30p,Cleveland Cavaliers,Los Angeles Lakers,Crypto.com Arena,"Los Angeles, CA"
446,2024-04-06,7:00p,Detroit Pistons,Brooklyn Nets,Barclays Center,"Brooklyn, NY"
447,2024-04-06,8:00p,Philadelphia 76ers,Memphis Grizzlies,FedEx Forum,"Memphis, TN"
448,2024-04-06,9:00p,Atlanta Hawks,Denver Nuggets,Ball Arena,"Denver, CO"
449,2024-04-07,3:30p,Houston Rockets,Dallas Mavericks,American Airlines Center,"Dallas, TX"
450,2024-04-07,3:30p,Cleveland Cavaliers,Los Angeles Clippers,Crypto.com Arena,"Los Angeles, CA"
451,2024-04-07,5:00p,Miami Heat,Indiana Pacers,Gainbridge Fieldhouse,"Indianapolis, IN"
452,2024-04-07,6:00p,Portland Trail Blazers,Boston Celtics,TD Garden,"Boston, MA"
453,2024-04-07,6:00p,Oklahoma City Thunder,Charlotte Hornets,Spectrum Center,"Charlotte, NC"
454,2024-04-07,6:00p,Chicago Bulls,Orlando Magic,Amway Center,"Orlando, FL"
455,2024-04-07,6:00p,New Orleans Pelicans,Phoenix Suns,Footprint Center,"Phoenix, AZ"
456,2024-04-07,6:00p,Washington Wizards,Toronto Raptors,Scotiabank Arena,"Toronto, ON"
457,2024-04-07,7:00p,New York Knicks,Milwaukee Bucks,Fiserv Forum,"Milwaukee, WI"
458,2024-04-07,7:00p,Philadelphia 76ers,San Antonio Spurs,Frost Bank Center,"Corpus Christi, TX"
459,2024-04-07,7:30p,Sacramento Kings,Brooklyn Nets,Barclays Center,"Brooklyn, NY"
460,2024-04-07,8:30p,Utah Jazz,Golden State Warriors,Chase Center,"San Francisco, CA"
461,2024-04-07,10:00p,Minnesota Timberwolves,Los Angeles Lakers,Crypto.com Arena,"Los Angeles, CA"
462,2024-04-09,7:00p,Dallas Mavericks,Charlotte Hornets,Spectrum Center,"Charlotte, NC"
463,2024-04-09,7:00p,Detroit Pistons,Philadelphia 76ers,Wells Fargo Center,"Philadelphia, PA"
464,2024-04-09,7:00p,Indiana Pacers,Toronto Raptors,Scotiabank Arena,"Toronto, ON"
465,2024-04-09,7:30p,Miami Heat,Atlanta Hawks,State Farm Arena,"Atlanta, GA"
466,2024-04-09,7:30p,Boston Celtics,Milwaukee Bucks,Fiserv Forum,"Milwaukee, WI"
467,2024-04-09,8:00p,New York Knicks,Chicago Bulls,United Center,"Chicago, IL"
468,2024-04-09,8:00p,Orlando Magic,Houston Rockets,Toyota Center,"Houston, TX"
469,2024-04-09,8:00p,San Antonio Spurs,Memphis Grizzlies,FedEx Forum,"Memphis, TN"
470,2024-04-09,8:00p,Washington Wizards,Minnesota Timberwolves,Target Center,"Minneapolis, MN"
471,2024-04-09,8:00p,Sacramento Kings,Oklahoma City Thunder,Paycom Center,"Oklahoma City, OK"
472,2024-04-09,9:00p,Denver Nuggets,Utah Jazz,Delta Center,"Salt Lake City, UT"
473,2024-04-09,10:00p,Golden State Warriors,Los Angeles Lakers,Crypto.com Arena,"Los Angeles, CA"
474,2024-04-09,10:00p,Los Angeles Clippers,Phoenix Suns,Footprint Center,"Phoenix, AZ"
475,2024-04-09,10:00p,New Orleans Pelicans,Portland Trail Blazers,Moda Center,"Portland, OR"
476,2024-04-10,7:00p,Memphis Grizzlies,Cleveland Cavaliers,Rocket Mortgage Fieldhouse,
477,2024-04-10,7:30p,Charlotte Hornets,Atlanta Hawks,State Farm Arena,"Atlanta, GA"
478,2024-04-10,7:30p,Toronto Raptors,Brooklyn Nets,Barclays Center,"Brooklyn, NY"
479,2024-04-10,7:30p,Dallas Mavericks,Miami Heat,Kaseya Center,"Miami, FL"
480,2024-04-10,8:00p,Orlando Magic,Milwaukee Bucks,Fiserv Forum,"Milwaukee, WI"
481,2024-04-10,8:00p,San Antonio Spurs,Oklahoma City Thunder,Paycom Center,"Oklahoma City, OK"
482,2024-04-10,10:00p,Minnesota Timberwolves,Denver Nuggets,Ball Arena,"Denver, CO"
483,2024-04-10,10:30p,Phoenix Suns,Los Angeles Clippers,Crypto.com Arena,"Los Angeles, CA"
484,2024-04-11,7:00p,Chicago Bulls,Detroit Pistons,Little Caesars Arena,"Detroit, MI"
485,2024-04-11,7:30p,New York Knicks,Boston Celtics,TD Garden,"Boston, MA"
486,2024-04-11,9:00p,Houston Rockets,Utah Jazz,Delta Center,"Salt Lake City, UT"
487,2024-04-11,10:00p,Golden State Warriors,Portland Trail Blazers,Moda Center,"Portland, OR"
488,2024-04-11,10:00p,New Orleans Pelicans,Sacramento Kings,Golden 1 Center,"Sacramento, CA"
489,2024-04-12,7:00p,Orlando Magic,Philadelphia 76ers,Wells Fargo Center,"Philadelphia, PA"
490,2024-04-12,7:00p,Chicago Bulls,Washington Wizards,Capital One Arena,"Washington, DC"
491,2024-04-12,7:30p,Charlotte Hornets,Boston Celtics,TD Garden,"Boston, MA"
492,2024-04-12,7:30p,Indiana Pacers,Cleveland Cavaliers,Rocket Mortgage Fieldhouse,
493,2024-04-12,7:30p,Brooklyn Nets,New York Knicks,Madison Square Garden (IV),"New York, NY"
494,2024-04-12,8:00p,Los Angeles Lakers,Memphis Grizzlies,FedEx Forum,"Memphis, TN"
495,2024-04-12,8:00p,Toronto Raptors,Miami Heat,Kaseya Center,"Miami, FL"
496,2024-04-12,8:00p,Atlanta Hawks,Minnesota Timberwolves,Target Center,"Minneapolis, MN"
497,2024-04-12,8:00p,Milwaukee Bucks,Oklahoma City Thunder,Paycom Center,"Oklahoma City, OK"
498,2024-04-12,8:00p,Denver Nuggets,San Antonio Spurs,Frost Bank Center,"Corpus Christi, TX"
499,2024-04-12,8:30p,Detroit Pistons,Dallas Mavericks,American Airlines Center,"Dallas, TX"
500,2024-04-12,10:00p,New Orleans Pelicans,Golden State Warriors,Chase Center,"San Francisco, CA"
501,2024-04-12,10:00p,Houston Rockets,Portland Trail Blazers,Moda Center,"Portland, OR"
502,2024-04-12,10:30p,Utah Jazz,Los Angeles Clippers,Crypto.com Arena,"Los Angeles, CA"
503,2024-04-12,10:30p,Phoenix Suns,Sacramento Kings,Golden 1 Center,"Sacramento, CA"
504,2024-04-14,1:00p,Washington Wizards,Boston Celtics,TD Garden,"Boston, MA"
505,2024-04-14,1:00p,Charlotte Hornets,Cleveland Cavaliers,Rocket Mortgage Fieldhouse,
506,2024-04-14,1:00p,Atlanta Hawks,Indiana Pacers,Gainbridge Fieldhouse,"Indianapolis, IN"
507,2024-04-14,1:00p,Toronto Raptors,Miami Heat,Kaseya Center,"Miami, FL"
508,2024-04-14,1:00p,Chicago Bulls,New York Knicks,Madison Square Garden (IV),"New York, NY"
509,2024-04-14,1:00p,Milwaukee Bucks,Orlando Magic,Amway Center,"Orlando, FL"
510,2024-04-14,1:00p,Brooklyn Nets,Philadelphia 76ers,Wells Fargo Center,"Philadelphia, PA"
511,2024-04-14,3:30p,Utah Jazz,Golden State Warriors,Chase Center,"San Francisco, CA"
512,2024-04-14,3:30p,Houston Rockets,Los Angeles Clippers,Crypto.com Arena,"Los Angeles, CA"
513,2024-04-14,3:30p,Denver Nuggets,Memphis Grizzlies,FedEx Forum,"Memphis, TN"
514,2024-04-14,3:30p,Phoenix Suns,Minnesota Timberwolves,Target Center,"Minneapolis, MN"
515,2024-04-14,3:30p,Los Angeles Lakers,New Orleans Pelicans,Smoothie King Center,"New Orleans, LA"
516,2024-04-14,3:30p,Dallas Mavericks,Oklahoma City Thunder,Paycom Center,"Oklahoma City, OK"
517,2024-04-14,3:30p,Portland Trail Blazers,Sacramento Kings,Golden 1 Center,"Sacramento, CA"
518,2024-04-14,3:30p,Detroit Pistons,San Antonio Spurs,Frost Bank Center,"Corpus Christi, TX"
